Location,Genotype,Plot_number,Replication,Block,Trait1,Trait2,Trait3
1,G49,1,1,1,28.2290006,38.39820438,43.86545833
1,G37,2,1,1,39.01452584,49.66276279,57.5200988
1,G1,3,1,1,31.20398416,40.18252737,48.34553671
1,G25,4,1,1,34.22228419,43.73254095,49.66277423
1,G10,5,1,1,36.47574878,45.32404025,51.25099434
1,G36,6,1,1,31.58018556,40.1852915,45.99526893
1,G18,7,1,1,38.45016244,47.41164193,56.47837625
1,G24,8,1,1,28.50627744,36.13350183,45.89669358
1,G7,9,1,1,39.70741348,50.56334653,56.05788939
1,G45,10,1,1,43.06383546,49.95865101,57.08808873
1,G47,11,1,2,28.48038735,33.74182152,45.53208296
1,G50,12,1,2,27.44387453,36.78013116,44.0408863
1,G20,13,1,2,22.73149306,33.30704249,40.08569715
1,G26,14,1,2,38.3103166,44.1532641,48.95050176
1,G3,15,1,2,37.24715295,44.45945688,53.64352166
1,G40,16,1,2,34.86833365,45.00289744,53.1299326
1,G27,17,1,2,41.23770661,53.13467709,58.67134852
1,G31,18,1,2,30.3522451,40.46824441,45.39045852
1,G13,19,1,2,29.4430538,37.82911501,42.49308905
1,G5,20,1,2,42.60540783,48.54784288,55.98538793
1,G38,21,1,3,36.89076778,43.69147187,53.25143564
1,G2,22,1,3,32.80465126,42.15235817,47.52691915
1,G28,23,1,3,32.70497527,43.8277404,51.42719992
1,G8,24,1,3,34.10096079,42.15064687,52.21026387
1,G41,25,1,3,29.46674125,41.45994351,45.47759074
1,G48,26,1,3,36.15750092,44.66395926,51.34265772
1,G46,27,1,3,36.21675253,46.10132855,51.89713078
1,G11,28,1,3,47.28073776,57.21818183,61.29965403
1,G15,29,1,3,37.29857912,48.75566544,54.93023482
1,G34,30,1,3,45.5858815,56.23347862,59.6688644
1,G4,31,1,4,32.86437165,44.36761218,49.37976638
1,G30,32,1,4,34.2983126,41.17208849,49.85819606
1,G44,33,1,4,26.00934634,36.07187261,46.40943945
1,G32,34,1,4,36.64244637,46.59322542,52.39922855
1,G12,35,1,4,35.04863632,44.49872309,50.30877223
1,G33,36,1,4,38.44161976,46.66493975,54.69542696
1,G19,37,1,4,29.25394849,35.89636723,40.42759243
1,G29,38,1,4,29.84412673,40.2953012,45.16815722
1,G21,39,1,4,37.26868728,46.09242345,52.99888749
1,G17,40,1,4,33.20759156,38.14014452,47.3357908
1,G39,41,1,5,29.75538485,35.87978908,41.7360773
1,G16,42,1,5,40.41453385,47.00531558,56.46595233
1,G42,43,1,5,39.77856446,44.37927408,52.47180407
1,G35,44,1,5,36.0308386,44.42050707,52.14176713
1,G22,45,1,5,30.06506452,41.58562527,48.98132215
1,G23,46,1,5,22.67284933,29.00141971,37.6527756
1,G6,47,1,5,20.18237445,28.44376506,35.34820146
1,G14,48,1,5,26.20394163,35.18561802,39.51586705
1,G43,49,1,5,33.31235325,36.96962489,48.1474583
1,G9,50,1,5,32.41065748,41.50450466,48.88908744
1,G3,51,2,1,38.88308731,45.78110806,56.35382347
1,G21,52,2,1,40.9275555,48.67743719,54.51694932
1,G2,53,2,1,29.26845793,41.48512402,47.583478
1,G38,54,2,1,38.38639959,48.02122922,51.8285929
1,G10,55,2,1,38.44262999,45.65716118,55.3467059
1,G40,56,2,1,37.4715962,44.518409,56.77042985
1,G5,57,2,1,42.37457593,48.56120125,58.82789782
1,G33,58,2,1,39.08390033,46.90489635,55.48924099
1,G39,59,2,1,30.93146736,41.57780841,49.00940904
1,G36,60,2,1,31.41715216,40.19638771,50.20455069
1,G9,61,2,2,33.99767238,40.25625514,48.86369882
1,G29,62,2,2,30.2210239,37.30226217,46.30324384
1,G12,63,2,2,37.64642637,46.27019783,51.42730361
1,G20,64,2,2,26.54878414,30.60023728,43.71271554
1,G45,65,2,2,44.61086669,50.34298064,57.32527541
1,G35,66,2,2,39.3865083,48.4138572,55.91418806
1,G42,67,2,2,36.7117927,46.55921362,53.98037878
1,G16,68,2,2,45.46947045,50.64030167,58.76966456
1,G44,69,2,2,32.57060099,41.5308148,46.92127646
1,G28,70,2,2,35.70449305,43.21507906,52.64674911
1,G24,71,2,3,32.17057207,41.48453048,46.83827885
1,G14,72,2,3,24.94019586,32.81775621,41.31229226
1,G32,73,2,3,37.31102739,46.06303348,52.038899
1,G22,74,2,3,32.86040917,43.98643828,50.26498614
1,G48,75,2,3,40.66344082,44.45189559,53.6329647
1,G18,76,2,3,39.08779875,45.68539367,54.63073202
1,G30,77,2,3,34.23238794,44.32139764,47.58452141
1,G17,78,2,3,31.31507568,39.35305184,47.91014099
1,G25,79,2,3,32.04567194,41.47806114,46.05178894
1,G31,80,2,3,28.01140077,40.11592712,47.86006391
1,G34,81,2,4,42.93053532,52.59477546,60.71125965
1,G8,82,2,4,31.4824798,42.47870662,49.94555033
1,G19,83,2,4,27.65987601,38.13407888,44.69209657
1,G4,84,2,4,36.42827736,41.182015,50.90658633
1,G41,85,2,4,33.25313344,41.97967858,49.59780099
1,G23,86,2,4,23.40590658,31.86219343,38.88848337
1,G7,87,2,4,40.42817208,47.36714654,59.29728469
1,G46,88,2,4,37.56615724,46.81133443,53.8861717
1,G26,89,2,4,34.39017862,39.66719345,51.25753283
1,G11,90,2,4,50.01230967,59.0705913,65.24058092
1,G49,91,2,5,28.1710274,35.51989108,42.63660234
1,G6,92,2,5,24.62256138,28.77158076,37.76183848
1,G50,93,2,5,25.87619606,37.49544327,40.77801287
1,G43,94,2,5,32.01945799,39.24098375,47.39410867
1,G15,95,2,5,38.30661926,47.75685959,53.01482979
1,G13,96,2,5,27.08332078,35.33704574,45.4820705
1,G1,97,2,5,32.58905202,38.33161678,47.91945299
1,G37,98,2,5,40.33325278,47.36367866,57.36923462
1,G27,99,2,5,45.17099402,50.40430807,63.97686553
1,G47,100,2,5,31.10871041,37.9756655,44.04952343
1,G43,101,3,1,32.76186575,40.60273605,48.71892642
1,G48,102,3,1,39.47093676,43.98308162,54.41652143
1,G8,103,3,1,33.57025832,42.72821794,49.05118372
1,G29,104,3,1,33.11408496,41.1003459,51.51674005
1,G38,105,3,1,42.02624611,45.95383045,52.26963984
1,G1,106,3,1,31.60053621,40.75618595,48.62511914
1,G13,107,3,1,29.69933875,36.36806248,45.23505495
1,G14,108,3,1,27.22772609,29.85061307,39.21531875
1,G5,109,3,1,41.05716499,50.6205792,57.26307356
1,G9,110,3,1,35.12778324,41.70403693,48.19582293
1,G16,111,3,2,40.7335023,52.08956176,58.52638844
1,G26,112,3,2,35.69179156,41.44108243,50.18162454
1,G33,113,3,2,36.42577559,44.50662457,53.2665415
1,G47,114,3,2,26.65311373,38.08526336,46.22579092
1,G25,115,3,2,30.36693894,41.15356802,49.88759854
1,G32,116,3,2,34.15962475,43.03821177,50.27870696
1,G17,117,3,2,30.82612485,38.14992679,47.37978351
1,G50,118,3,2,25.50404671,35.28883686,43.90164425
1,G15,119,3,2,34.74079263,40.91156051,51.23068958
1,G6,120,3,2,24.49625979,32.22287417,41.72717381
1,G24,121,3,3,27.59970675,39.51064895,44.11580947
1,G35,122,3,3,35.65873312,40.43975643,50.8673071
1,G11,123,3,3,44.46306843,54.57155699,64.26142332
1,G42,124,3,3,38.17634324,47.03000214,53.41145981
1,G40,125,3,3,36.44608032,46.06970784,54.82679395
1,G34,126,3,3,43.80079297,53.06786537,60.64164723
1,G22,127,3,3,32.36476082,39.66357637,48.08124485
1,G36,128,3,3,35.87995584,40.83862226,49.75788588
1,G18,129,3,3,36.86167213,46.57742097,51.1163394
1,G2,130,3,3,33.0995361,42.8413248,51.19695345
1,G31,131,3,4,32.7509887,36.25198477,42.60066817
1,G20,132,3,4,24.93481402,31.18228481,38.41038957
1,G19,133,3,4,29.19050505,36.94944388,47.77068207
1,G37,134,3,4,40.78478562,45.14734356,55.97830894
1,G21,135,3,4,41.02082914,43.66842252,53.21880261
1,G10,136,3,4,33.13200515,42.38675784,48.16636819
1,G7,137,3,4,42.06520672,49.42395345,53.12831313
1,G12,138,3,4,35.70124309,44.69151028,55.39351983
1,G44,139,3,4,28.92441055,37.45214616,47.60684055
1,G23,140,3,4,21.0379196,27.89015913,37.01523946
1,G41,141,3,5,26.41327887,38.20036296,43.98692311
1,G45,142,3,5,40.72211165,47.90434017,58.50817513
1,G39,143,3,5,29.94502961,42.28671607,48.57224563
1,G49,144,3,5,28.09439828,30.52906706,41.11055625
1,G28,145,3,5,38.18471922,43.76286348,53.06139923
1,G4,146,3,5,28.90349374,40.39632683,50.21566599
1,G3,147,3,5,35.35608818,42.87079911,54.21494565
1,G30,148,3,5,34.60205139,43.27422073,46.86559279
1,G46,149,3,5,35.58431816,46.26598214,52.83450591
1,G27,150,3,5,37.160536,49.07235184,58.00407072
2,G34,1,1,1,49.7556436,51.93482978,62.15148056
2,G2,2,1,1,34.98578512,42.39429274,51.4332613
2,G31,3,1,1,26.92824525,35.47352197,42.47407961
2,G32,4,1,1,42.91193981,48.50843672,56.30575091
2,G27,5,1,1,48.38852565,52.63360738,64.34252371
2,G10,6,1,1,41.73858016,48.80036432,54.52888674
2,G28,7,1,1,35.2664656,46.25564033,51.79127733
2,G37,8,1,1,40.66089228,50.13448837,59.4931263
2,G45,9,1,1,36.59343386,43.6947122,54.9545044
2,G5,10,1,1,35.24901217,43.87901269,54.86299382
2,G35,11,1,2,32.40401958,43.22909902,51.42470345
2,G14,12,1,2,34.6161736,43.66174972,52.30904876
2,G39,13,1,2,25.16569998,35.60696515,45.20003568
2,G44,14,1,2,25.97206997,29.58812154,41.52012753
2,G33,15,1,2,34.81088292,42.79207922,47.25848127
2,G40,16,1,2,26.00416186,36.26962087,46.30400511
2,G26,17,1,2,35.74644846,44.56427751,51.81044824
2,G48,18,1,2,37.87548176,49.29556714,57.6304975
2,G13,19,1,2,40.67697031,49.6901819,55.20728684
2,G11,20,1,2,43.31341723,52.86309506,62.64249907
2,G20,21,1,3,33.64099678,37.0267806,47.69011101
2,G50,22,1,3,38.88380019,44.77855637,52.7583018
2,G17,23,1,3,36.34625811,44.56941227,56.26475981
2,G46,24,1,3,39.18964687,49.80686243,55.23833813
2,G30,25,1,3,39.6396038,48.5451044,57.8243027
2,G4,26,1,3,32.03900955,36.60622327,50.5829712
2,G29,27,1,3,29.33563452,36.55616412,42.38239469
2,G36,28,1,3,28.16677201,37.56245667,44.98814356
2,G43,29,1,3,37.91385592,45.9891037,52.9354834
2,G9,30,1,3,32.25879564,38.38017789,49.82287695
2,G22,31,1,4,33.8552761,43.16804545,49.4620267
2,G47,32,1,4,30.99365405,41.64218776,47.91599321
2,G24,33,1,4,27.48950757,34.62554695,44.77519837
2,G1,34,1,4,32.30530729,36.27820285,47.54595506
2,G18,35,1,4,37.17262355,43.9528534,52.38848729
2,G16,36,1,4,34.49356625,42.46059211,51.72996722
2,G12,37,1,4,26.37426611,33.85555111,40.89645499
2,G49,38,1,4,34.49937344,41.72219738,49.72422165
2,G8,39,1,4,31.97406636,41.12421281,48.57162256
2,G3,40,1,4,35.02302836,40.42297656,52.13999528
2,G41,41,1,5,37.32607409,50.25161702,54.03143517
2,G15,42,1,5,24.72542687,37.36613975,44.28002176
2,G6,43,1,5,25.084332,35.14694408,41.49627603
2,G23,44,1,5,19.95931789,31.21455761,39.83421804
2,G25,45,1,5,28.8784445,38.98735611,51.46909932
2,G42,46,1,5,34.58645279,43.93565279,49.043779
2,G7,47,1,5,33.20475767,41.79625473,50.31444648
2,G19,48,1,5,33.93327711,43.09906634,46.96191046
2,G21,49,1,5,29.2061551,35.62669785,46.24721377
2,G38,50,1,5,30.36516701,35.49772879,43.56978481
2,G10,51,2,1,44.08313127,54.01629563,60.20743821
2,G7,52,2,1,36.60280711,50.52816715,53.7876952
2,G9,53,2,1,30.45829,39.3773647,43.96386466
2,G41,54,2,1,43.57985012,54.29544904,60.18449024
2,G25,55,2,1,29.0286984,36.65530393,48.12350028
2,G3,56,2,1,37.14260539,47.88767064,53.4983159
2,G18,57,2,1,38.38611429,43.72026585,49.92531158
2,G28,58,2,1,37.50859438,43.69352932,55.84389088
2,G15,59,2,1,30.49513155,36.37442779,45.1625914
2,G29,60,2,1,28.68541446,36.0982054,46.6584294
2,G20,61,2,2,32.51332037,38.02166002,46.79909295
2,G46,62,2,2,37.86553629,47.70254108,54.15869211
2,G16,63,2,2,38.29511604,46.44541443,55.96750663
2,G24,64,2,2,30.08584779,40.54769302,48.54616387
2,G33,65,2,2,33.20991635,45.04210522,49.50591644
2,G22,66,2,2,33.79209143,43.30636309,51.45778485
2,G26,67,2,2,33.61204751,43.09533045,50.81576885
2,G40,68,2,2,30.34191821,36.21233658,46.4381651
2,G23,69,2,2,21.89686379,33.68116809,38.80387617
2,G35,70,2,2,36.93917682,41.83593886,51.03961283
2,G34,71,2,3,44.61732038,51.43053982,58.9157609
2,G13,72,2,3,36.08715484,44.79611828,53.1168338
2,G5,73,2,3,34.72643091,43.71841432,57.13881438
2,G11,74,2,3,44.12993942,57.67740235,64.35878719
2,G42,75,2,3,35.13994509,44.45571945,52.09704392
2,G21,76,2,3,36.03116055,40.74966744,50.90070637
2,G2,77,2,3,33.39662144,42.03365843,48.1109945
2,G6,78,2,3,24.57719555,33.51176569,43.32079957
2,G1,79,2,3,33.21136546,41.4490386,48.27511249
2,G14,80,2,3,34.59095404,42.8692096,51.67964938
2,G38,81,2,4,32.43623867,38.36948528,48.5388866
2,G17,82,2,4,39.36282316,49.39372425,54.31906789
2,G27,83,2,4,45.06942544,55.1929488,64.58876941
2,G37,84,2,4,41.8145757,47.59475502,57.24122509
2,G50,85,2,4,37.63332906,42.34251428,51.25958752
2,G36,86,2,4,29.93274878,40.89227099,45.82279031
2,G4,87,2,4,29.68194235,38.3184575,48.61482535
2,G39,88,2,4,28.51936229,39.54738769,45.1877776
2,G49,89,2,4,34.34419339,42.42336801,49.17802235
2,G31,90,2,4,29.11564287,38.20351769,42.90542926
2,G43,91,2,5,34.05184586,44.69320145,49.73451186
2,G32,92,2,5,39.39788439,48.45313396,53.50780672
2,G47,93,2,5,34.21407188,42.0692849,47.21825994
2,G19,94,2,5,38.89307332,44.03821347,51.38730009
2,G12,95,2,5,29.73814522,35.33363439,44.55151211
2,G44,96,2,5,29.82464763,35.17170614,44.17024636
2,G45,97,2,5,34.5189604,42.97046241,48.58736127
2,G48,98,2,5,41.29367441,46.62635904,58.47935174
2,G8,99,2,5,34.67914472,42.40447759,50.09266823
2,G30,100,2,5,38.85270516,46.25096006,53.84390442
2,G23,101,3,1,26.04764421,31.4425913,42.40170624
2,G26,102,3,1,37.92542387,44.84468545,50.72247685
2,G41,103,3,1,42.32316166,47.91308782,58.28475361
2,G11,104,3,1,46.11600873,51.0157738,59.68064748
2,G19,105,3,1,39.66184587,45.79368222,54.68314277
2,G28,106,3,1,38.87442032,45.19620017,55.04521438
2,G21,107,3,1,35.79353253,41.45805437,49.74424868
2,G36,108,3,1,32.56724324,40.99187322,46.35799165
2,G42,109,3,1,38.94042135,47.73431721,53.46666989
2,G22,110,3,1,33.21180153,41.78291636,48.53217901
2,G25,111,3,2,29.34640289,36.26061394,45.9240722
2,G30,112,3,2,38.89010506,48.08209381,56.57784874
2,G44,113,3,2,23.42818271,33.31385999,42.95581696
2,G38,114,3,2,28.68404981,38.96815464,48.80409562
2,G6,115,3,2,28.53725615,35.18643401,41.64833416
2,G10,116,3,2,39.13941072,47.43108653,59.51924021
2,G24,117,3,2,27.81545516,35.71948572,42.72830913
2,G7,118,3,2,35.82730571,43.8267195,53.41725663
2,G14,119,3,2,34.36055267,39.05413573,49.28601747
2,G12,120,3,2,29.01242851,36.18307327,43.87253587
2,G37,121,3,3,37.61999088,46.39704343,53.8951869
2,G46,122,3,3,39.45003312,47.4712678,55.5090154
2,G35,123,3,3,30.67705766,38.31403587,50.37175313
2,G40,124,3,3,24.57285334,34.73393279,47.39431022
2,G27,125,3,3,45.35299776,53.25808705,61.41873207
2,G5,126,3,3,36.41141282,45.33815956,53.43820028
2,G2,127,3,3,36.70639999,41.41735084,50.37040449
2,G3,128,3,3,37.16366905,43.35070021,51.20049837
2,G34,129,3,3,47.19498291,49.70452944,59.93372474
2,G32,130,3,3,38.58141102,47.72470242,55.72653109
2,G16,131,3,4,37.32898624,47.59961766,54.02998259
2,G4,132,3,4,28.76148734,36.67660352,46.38609976
2,G43,133,3,4,37.84997911,46.0795177,54.01130944
2,G47,134,3,4,33.18218046,42.78337746,51.44970911
2,G45,135,3,4,36.06362533,42.2668709,51.29487944
2,G1,136,3,4,31.96305862,40.45338614,47.26120964
2,G17,137,3,4,40.77721635,48.61366723,55.18155252
2,G31,138,3,4,27.50400047,32.28710221,43.32852911
2,G15,139,3,4,23.37744306,32.12068374,41.84843788
2,G29,140,3,4,27.57733197,36.82304853,44.06146301
2,G18,141,3,5,34.99358229,42.05218781,49.95250423
2,G20,142,3,5,29.25714936,37.82412015,44.03236281
2,G39,143,3,5,31.87465367,40.87559068,48.73858088
2,G49,144,3,5,31.47779651,39.35114832,46.37273791
2,G8,145,3,5,32.24870625,38.26060759,50.28013434
2,G33,146,3,5,31.72035151,42.79363281,51.58428967
2,G50,147,3,5,33.22066519,45.50379982,52.07819546
2,G48,148,3,5,37.82872875,44.41541732,55.55196845
2,G13,149,3,5,37.36117846,47.54831759,51.76752922
2,G9,150,3,5,29.77716438,37.63681785,43.70995601
3,G30,1,1,1,36.41654281,43.69662761,50.81428656
3,G2,2,1,1,20.50986993,28.69487903,37.02722
3,G28,3,1,1,39.27995496,47.64923653,55.91847244
3,G3,4,1,1,29.00675564,40.3044029,47.09866855
3,G33,5,1,1,32.0142056,40.85200845,45.59392786
3,G29,6,1,1,25.54695781,34.55494192,42.29552474
3,G20,7,1,1,23.7352835,35.01278776,44.79655546
3,G43,8,1,1,33.07987013,40.1488254,47.49206748
3,G9,9,1,1,27.33433369,38.08317804,44.52143296
3,G10,10,1,1,37.27864579,47.23932157,54.01948198
3,G7,11,1,2,34.49092634,43.49670897,50.08543717
3,G48,12,1,2,32.67352664,38.40027185,47.91832248
3,G18,13,1,2,35.49443916,43.86310319,50.735626
3,G25,14,1,2,37.0932188,42.44333556,51.77881529
3,G41,15,1,2,38.2447465,46.07633737,56.26827596
3,G42,16,1,2,33.71095809,41.42245083,48.61405596
3,G19,17,1,2,26.8019451,32.73135287,45.25789525
3,G15,18,1,2,27.85057905,34.85855941,41.52790912
3,G14,19,1,2,25.06029168,30.76968593,39.82671439
3,G23,20,1,2,25.49744565,28.5287805,39.00396377
3,G47,21,1,3,32.12524401,38.36313234,48.25439788
3,G22,22,1,3,24.30311946,34.07892128,38.92715347
3,G44,23,1,3,24.15377199,33.40697919,39.87895327
3,G36,24,1,3,35.61396988,42.01431224,48.79794842
3,G49,25,1,3,28.9035012,36.10954057,43.15584071
3,G31,26,1,3,25.46750726,32.17911788,39.94494033
3,G17,27,1,3,36.15241773,45.51428544,50.86639615
3,G38,28,1,3,35.40015049,40.3093249,52.94928806
3,G34,29,1,3,38.21274064,46.68573218,52.39841276
3,G32,30,1,3,32.76885675,43.91411409,50.10160443
3,G24,31,1,4,25.5174563,33.20302659,38.94701914
3,G27,32,1,4,42.46345248,51.53589413,55.89309432
3,G5,33,1,4,35.7028854,45.07635093,53.29097419
3,G13,34,1,4,35.34878787,39.95984852,46.6867749
3,G26,35,1,4,31.7314273,40.44504685,49.58290278
3,G50,36,1,4,31.70362072,39.98958766,48.80656036
3,G46,37,1,4,32.87942597,39.52691834,49.14599927
3,G45,38,1,4,30.90889052,40.72316673,45.54783973
3,G16,39,1,4,34.51090576,40.8875155,50.29218041
3,G39,40,1,4,24.26908785,33.73678267,42.77577262
3,G4,41,1,5,34.40264066,44.80354445,49.39771347
3,G35,42,1,5,26.51048273,35.20621097,46.356441
3,G12,43,1,5,29.13662527,38.19848264,46.69252945
3,G37,44,1,5,34.50629175,45.43273475,54.40618791
3,G1,45,1,5,16.76547692,28.10431285,35.4426482
3,G11,46,1,5,37.67277517,43.72234716,52.97136979
3,G8,47,1,5,33.59985748,40.34673823,47.45504917
3,G21,48,1,5,31.42728311,37.96268863,49.57114951
3,G40,49,1,5,27.54872229,34.15403372,45.43375655
3,G6,50,1,5,19.5954582,27.07589396,35.92571331
3,G6,51,2,1,23.43965134,27.55092111,36.58983275
3,G44,52,2,1,30.10049012,37.47126336,47.31776232
3,G25,53,2,1,35.15729776,42.77016443,49.78998043
3,G30,54,2,1,33.41076423,39.02637487,49.48569341
3,G42,55,2,1,32.74018743,43.47093312,52.25901437
3,G39,56,2,1,28.10954823,34.58366898,44.33452358
3,G48,57,2,1,36.33699445,43.08989755,50.17949583
3,G2,58,2,1,19.69021061,26.66735722,37.38008717
3,G38,59,2,1,38.07198047,44.35308484,51.89826507
3,G9,60,2,1,28.54995951,37.45076174,43.37569167
3,G11,61,2,2,39.56360163,48.34275769,58.04999681
3,G50,62,2,2,32.7861401,39.64367521,50.53538702
3,G31,63,2,2,27.1070146,33.78615522,40.79823258
3,G5,64,2,2,35.45293589,46.57712978,49.33594767
3,G14,65,2,2,21.90417074,30.7463867,41.58536816
3,G1,66,2,2,22.52185503,31.71308342,39.23885314
3,G10,67,2,2,39.36291957,49.21395733,54.24827105
3,G12,68,2,2,33.55659259,42.33298623,52.0624397
3,G22,69,2,2,24.16610974,36.99788486,44.13060042
3,G35,70,2,2,31.8955901,35.84036042,48.43373095
3,G40,71,2,3,30.43589085,38.87304215,47.90670649
3,G49,72,2,3,30.00081218,38.83960242,45.81648682
3,G4,73,2,3,35.7216401,45.9487508,53.5963908
3,G3,74,2,3,33.51491395,42.61672308,50.99820537
3,G21,75,2,3,35.727213,46.36768719,51.08430025
3,G45,76,2,3,31.70797481,39.39054676,47.54333446
3,G37,77,2,3,36.1306101,45.68232558,53.16433919
3,G34,78,2,3,39.35071127,46.9614496,53.99562546
3,G20,79,2,3,26.05323356,32.79233315,40.68647785
3,G43,80,2,3,34.23304858,40.34072666,47.67467816
3,G28,81,2,4,41.58331566,47.09504995,53.35895799
3,G41,82,2,4,43.06889406,49.13388566,58.94649794
3,G36,83,2,4,32.02214967,39.57079001,49.61044007
3,G18,84,2,4,33.53066663,41.27852403,48.52442008
3,G27,85,2,4,43.4217846,52.1620945,61.00937131
3,G15,86,2,4,29.69520552,34.50755062,44.19972936
3,G26,87,2,4,31.66584358,36.15051491,44.83235286
3,G23,88,2,4,21.38852876,31.16949917,37.63137828
3,G46,89,2,4,31.83244693,38.52405102,51.08909795
3,G8,90,2,4,30.97730132,41.04184779,48.80547398
3,G32,91,2,5,35.43196539,42.68834031,49.41422452
3,G24,92,2,5,27.06398513,35.89025719,41.34881196
3,G19,93,2,5,31.73196315,37.83057226,46.75215851
3,G29,94,2,5,20.97234656,27.59709489,39.20068995
3,G47,95,2,5,31.63743556,40.01429776,47.97546544
3,G13,96,2,5,30.52528034,39.13015534,46.82154757
3,G16,97,2,5,36.45218896,45.47343525,50.20573513
3,G33,98,2,5,35.24754626,42.101704,46.92487835
3,G17,99,2,5,33.36964269,40.14280237,51.60615516
3,G7,100,2,5,36.73960962,44.28890828,55.12483294
3,G48,101,3,1,33.18394674,41.2384762,48.12764338
3,G26,102,3,1,33.28173667,37.37811194,49.4164152
3,G12,103,3,1,31.72320292,43.03035002,47.72341134
3,G10,104,3,1,42.6934638,44.51265986,54.8577586
3,G46,105,3,1,36.50444004,43.55183463,48.90573735
3,G43,106,3,1,33.34805374,39.46643959,48.40002891
3,G23,107,3,1,22.47855767,29.62262469,37.98778978
3,G27,108,3,1,41.98205765,47.61878603,58.00545343
3,G34,109,3,1,37.19423626,43.87556379,53.73569469
3,G16,110,3,1,33.73574316,44.72259258,52.39353164
3,G25,111,3,2,33.88332266,38.84997745,50.88832463
3,G28,112,3,2,34.76456166,47.02226108,56.00335593
3,G15,113,3,2,23.18421995,30.94338874,40.79573262
3,G44,114,3,2,25.57156233,34.74465547,43.14519498
3,G19,115,3,2,32.12975872,39.40889773,48.00749849
3,G47,116,3,2,32.05650986,38.9997195,46.03897298
3,G13,117,3,2,32.3108532,36.08104437,45.58571968
3,G1,118,3,2,21.12782709,28.01794154,36.8889369
3,G11,119,3,2,39.9594905,49.2891128,53.90716549
3,G42,120,3,2,34.13131689,44.82506867,52.42031769
3,G49,121,3,3,30.08179748,35.64795199,43.37082447
3,G30,122,3,3,30.80200864,42.28757782,47.78413067
3,G35,123,3,3,27.10098839,33.83521708,44.36229131
3,G45,124,3,3,30.35638911,39.32960178,45.79779807
3,G31,125,3,3,23.24406278,29.15660511,41.14826258
3,G38,126,3,3,33.63680062,41.05002858,51.93033134
3,G17,127,3,3,36.20132738,43.6020148,51.21724902
3,G40,128,3,3,24.89936441,36.97129189,41.22245642
3,G8,129,3,3,32.06959416,39.88796546,51.10968094
3,G4,130,3,3,34.79529016,42.4564586,49.77803674
3,G6,131,3,4,22.82762679,32.04585068,38.14586266
3,G39,132,3,4,26.9459695,38.43609098,44.64874178
3,G41,133,3,4,37.16505435,47.01807358,56.37045602
3,G50,134,3,4,31.97949886,37.78682271,47.79388058
3,G18,135,3,4,33.59067672,41.12211243,49.78695023
3,G3,136,3,4,30.00130508,40.81900486,47.45127897
3,G37,137,3,4,32.73245032,40.6851564,47.70075303
3,G22,138,3,4,23.68813514,31.01374852,41.00638781
3,G5,139,3,4,34.74945094,44.59885013,50.60992907
3,G7,140,3,4,37.92666083,47.39754809,54.45208992
3,G14,141,3,5,21.24537403,26.65678904,38.68328864
3,G24,142,3,5,25.35670054,30.11615202,38.98204216
3,G2,143,3,5,21.22875931,29.11813264,34.58326197
3,G32,144,3,5,36.00926156,42.50206154,50.04533024
3,G36,145,3,5,30.86554289,41.03215126,48.57894314
3,G9,146,3,5,24.00621564,32.38590698,40.41781769
3,G33,147,3,5,30.57773106,41.34979056,48.13468484
3,G29,148,3,5,21.60232141,33.1710166,40.03838903
3,G21,149,3,5,36.30751164,43.91652779,52.40757778
3,G20,150,3,5,20.37033485,31.65962662,38.91637906
